,Name
0,Phil Jedrasik
1,Stephani Feuell
2,Doyle Flack
3,Brenden Orrell
4,Dru Bathersby
5,Papagena Maillard
6,Antoine Argontt
7,Tabitha Morrilly
8,Harriott Liffey
9,Lizabeth Ballston
10,Saloma Bellon
11,Jody Whaley
12,Kennith Sherrum
13,Rex Dunguy
14,Kelly Woodhead
15,Leonanie Hebden
16,Chantalle Nana
17,Walden Delatour
18,Rosalia Mobbs
19,Darelle Gethouse
20,Ingemar Dominik
21,Fleur Rosendale
22,Jayme Aberdalgy
23,Anastassia Bristowe
24,Maryrose Riseborough
25,Dagny Else
26,Terrell Blasl
27,Smitty Branchflower
28,Allissa Fearnyhough
29,Cordi Ghelerdini
30,Perry Linfitt
31,Guenna Wolfindale
32,Jacquetta Kleuer
33,Cullie Lias
34,Codee McCurtain
35,Ginger Edel
36,Rebe Schultz
37,Auroora Welburn
38,Vanny Lewinton
39,Akim Lehrer
40,Ralina Moreside
41,Colan Seldon
42,Leopold Uttridge
43,Zola Tulley
44,Eveline Cornall
45,Albie Adamiak
46,Prentice Jeckell
47,Brigg Covely
48,Elsinore Willoughley
49,Myrna Volage
50,Noreen McVey
51,Clevey Coen
52,Demetre Abramof
53,Fredra Oldfield-Cherry
54,Morey Ebbers
55,Grace Scardifeild
56,Muire Cheeseman
57,Annaliese Grayshan
58,Goldia Deroche
59,Baudoin O'Doran
60,Vic Cescot
61,Babita Van der Hoeven
62,Dell Oxenden
63,Jeanie Blampied
64,Philly Joliffe
65,Marlowe Rowbottam
66,Tonya Heinecke
67,Iain Local
68,Riobard Grabeham
69,Sloan Bambra
70,Ceil Rispine
71,Mollee Varnes
72,Jerrilyn Scarre
73,Merrick Bouch
74,Ramon Fido
75,Nico Muddicliffe
76,Shepperd Glass
77,Darrel Greenley
78,Inness Fryer
79,Jami Glasard
80,Vachel Tunnow
81,Bria Graundisson
82,Cathyleen Weller
83,Garey Edghinn
84,Darla Standish
85,Elizabet Lanchbery
86,Nadeen Scurlock
87,Arnuad Geroldo
88,Marcelle Osgood
89,Helli Masi
90,Fletcher Hallford
91,Perry Bowell
92,Hobart Peile
93,Portia Brocklesby
94,Giorgio Ferroli
95,Cirilo Saunton
96,Leonard Usborn
97,Wolfie Coxwell
98,Rania Onthank
99,Kareem Kieran
100,Therese Swindlehurst
101,Euell Cargen
102,Rhodie Maryon
103,Georgetta Agastina
104,Sky Iddiens
105,Wakefield Cocker
106,Keslie Caesar
107,Darrin Sowden
108,Teddy Conew
109,Brandice Coot
110,Linnell Barstowk
111,Karlen Matuschek
112,Phyllis Gonoude
113,Shantee Sharpus
114,Marwin Landrick
115,Laird Arkcoll
116,Gustave Nuth
117,Melisse Glozman
118,Thayne Rosenwasser
119,Lindsey Tertre
120,Sorcha Kaasmann
121,Jennine Denson
122,Edy Normanvill
123,Binky Boodell
124,Meg Brokenshaw
125,Latisha Streets
126,Gerhardine Vine
127,Norbie Kennerknecht
128,Alys Edgehill
129,Karin Teasey
130,Maximilian Fugere
131,Galina Giottini
132,Brendan Bussy
133,Erin Nisuis
134,Jaymee Janman
135,Hasty Ivashnikov
136,Rafaelita Doget
137,Emlynn Bastick
138,Willy Bavidge
139,Jojo Pautard
140,Ced Luxon
141,Janet Facey
142,Avivah Hughlock
143,Bryant Puig
144,Baudoin Janusik
145,Dorotea Asher
146,Guillemette Coase
147,Nadean Drynan
148,Jami Worsom
149,Jacky Farries
150,Farica Bohan
151,Onida Crannell
152,Feodor Danilov
153,Herby Saywood
154,Gerianne Solon
155,Chantal Lenthall
156,Luce Ferraron
157,Teri Fellis
158,Geoffrey Dahlman
159,Dorree Besnard
160,Yves Balaisot
161,Jeremias O'Cridigan
162,Jacquette Upcraft
163,Nancy Cheson
164,Joni Bigland
165,Carson Burril
166,Dalis Skryne
167,Rosanna Linsey
168,Chester Castell
169,Alfonso Gronaver
170,Anselm Hiddersley
171,Marleah Royste
172,Jennilee Winchurst
173,Zacharie Leile
174,Jorry Lack
175,Andy Rickardsson
176,Byran Bellee
177,Karney Immins
178,Debbi Zink
179,Marley Draycott
180,Rey Gokes
181,Rusty Ollerearnshaw
182,Maggee Derisly
183,Franchot Montrose
184,Marion Ethridge
185,Noelani Sunners
186,Cortney Gadie
187,Kleon Edison
188,Benoite Franken
189,Lorianna Blincko
190,Mikaela Cuttin
191,Thekla Mendonca
192,Reggie Thunder
193,Teresa Cowton
194,Darb Dunk
195,Iver Serck
196,Codee Ritelli
197,Ardra Packman
198,Lynett Oguz
199,Lori Bardill
200,Jordon Lannon
201,Libbey Sumnall
202,Bronson Corday
203,Denney Goulstone
204,Adora Petrenko
205,Julius Wink
206,Bobbee Bellay
207,Fabien McCuaig
208,Piper Soltan
209,Celeste Kerswill
210,Elaina Kemball
211,Ivar McAlindon
212,Esther Getch
213,Britteny Kimmings
214,Debera Rosekilly
215,Joella Keune
216,Greta Cash
217,Edgardo Stainburn
218,Ricoriki Gifkins
219,Roseanna Coltherd
220,Julianne Brade
221,Leonerd Thynne
222,John Espinola
223,Flori Kidstoun
224,Florentia Dulinty
225,Quinta Regelous
226,Andres Custed
227,Winifred Terbeek
228,Richmound Hearne
229,Ramon Arrington
230,Ruperta Stollsteiner
231,Isa Josefs
232,Clemens Millhouse
233,Briny Hearns
234,Reinhard Garie
235,Jacquetta Bottomore
236,Lucretia Hasnney
237,Gib Manilo
238,Enriqueta Sotworth
239,Gustav Lavers
240,Roarke Czajka
241,Avrit Petrello
242,Sayres Gooley
243,Hall Shakesby
244,Ara Chubb
245,Myriam Hubery
246,Tracie Cowdrey
247,Cecelia Rein
248,Moreen Playhill
249,Bethina Roloff
250,Mahalia Iveans
251,Martie Dursley
252,Llewellyn Rigby
253,Moshe Robrow
254,Ilysa Vasiliu
255,Erastus Stark
256,Nanine Gotliffe
257,Neill Wykes
258,Betti O'Gleasane
259,Georgeanna Gumm
260,Yul Mackerel
261,Katine Turfus
262,Anatola Hamelyn
263,Arleta Luetkemeyers
264,Suki Winckles
265,Karola Espinet
266,Benny Comoletti
267,Eduino Gatland
268,Aldus Stollenhof
269,Anya Cadden
270,Danyelle Gallaher
271,Anna-maria Lucken
272,Cristen Gitting
273,Adolf Bleakley
274,Kin Juden
275,Darcy Cobson
276,Alie Carles
277,Maurise Maybey
278,Archie Clissold
279,Erma Waggitt
280,Meryl Stranieri
281,Erek Gulland
282,Dottie Grigg
283,Claire Hawkwood
284,Gusti Heake
285,Leeann Corwin
286,Wright Dallan
287,Tisha Courtliff
288,Karon Grigoire
289,Donny Cheesworth
290,Carine Summerill
291,Corrinne Johnstone
292,Tildie McMoyer
293,Ansell Mitchiner
294,Regine Lamas
295,Bronson Feaviour
296,Theodor Trattles
297,Britta Schott
298,Cazzie Bennedick
299,Dode Hulburd
300,Mignon Clymo
301,Lodovico Ashford
302,Luce Kermannes
303,Jolene Taplin
304,Olive Soall
305,Hedwiga MacConnechie
306,Kimball Rupel
307,Nels Covert
308,Marianne Southcott
309,Pail Crampsey
310,Thomasine Murkin
311,Ashia Bernt
312,Dolli Perkins
313,Pamella Hedworth
314,Reinold Harlick
315,Theresina Moodycliffe
316,Meryl Harber
317,Allie Whorlow
318,Fulton Brounsell
319,Meryl Elletson
320,Fannie Nanetti
321,Pall Lucks
322,Adele Clearie
323,Maryjane Bertwistle
324,Arron Tittletross
325,Abagail Derrell
326,Elayne Axelbey
327,Wenda O'Dowling
328,Ollie Rives
329,Brook Scapens
330,Neel Lorenz
331,Adi Pickerin
332,Gwen Sansam
333,Broddie Morgue
334,Nicoli Caton
335,Trula Wroe
336,Baxter Dewdeny
337,Chrysler Costock
338,Elsworth Bowery
339,Reube Boswell
340,Theresita Izakof
341,Wildon Rosekilly
342,Worthy Fritche
343,Abba Westoll
344,Ronnica Punchard
345,Felipa Kernar
346,Roley Gergler
347,Walliw Caddock
348,Nannie Ackers
349,Natalee Thornham
350,Tomasina Zelley
351,Netti Cersey
352,Yolanthe Hurdiss
353,Kerr Gostall
354,Wye Tesmond
355,Renato Duddan
356,Milissent Bevens
357,Rori Rubinow
358,Dasha Krates
359,Shurwood Messum
360,Ezri Fronczak
361,Cris Paviour
362,Nadean Palfery
363,Julissa Mityakov
364,Bettina Janik
365,Marketa Feron
366,Tedda Fisbburne
367,Giselbert Yeabsley
368,Charissa Zotto
369,Frances Beck
370,Nance Hazeman
371,Odella Aldin
372,Gardie Arnefield
373,Gilly Primak
374,Mariam Shimmings
375,Tamra Gercken
376,Charlean Price
377,Lana Worstall
378,Trista Warsap
379,Sanderson Dirand
380,Van Leadbeater
381,Wakefield Rudinger
382,Harmonie MacCarlich
383,Jase Pogson
384,Wynnie Ficken
385,Garv Scipsey
386,Trescha Knaggs
387,Lettie Bugge
388,Marys Micah
389,Valentine Dauncey
390,Tammy Callaby
391,Slade Rainsdon
392,Kingsly Honisch
393,Veronike Preto
394,Bern Belsey
395,Shadow Tather
396,Roselia Robic
397,Kizzie Jumont
398,Tova Dingwall
399,Nike Fessier
400,Cornie de Keyser
401,Brewer Cornbill
402,Corabella Horbath
403,Stanislaus Beatty
404,Stephen Ullrich
405,Pat Caddie
406,Ivette Lannin
407,Thomasina Gadault
408,Harmonie Dranfield
409,Stevie Darell
410,Callida Hammatt
411,Cinda Ambrozik
412,Baxie Meachen
413,Malcolm MacKeever
414,Darby Di Batista
415,Stormie Culpin
416,Penrod Freire
417,Addison McComas
418,Haze Oolahan
419,Coop Channer
420,Ettore Portwaine
421,Arda McEwen
422,Bradan Yitzhak
423,Reed Jenney
424,Arley Schoroder
425,Vanny Cosens
426,Farrel Waterhous
427,Callean Gander
428,Jillayne Kulic
429,Albert Mundall
430,Wilton Tarr
431,Whittaker Wroughton
432,Wylie Pegrum
433,Sandi Foxwell
434,Kassi Paszek
435,Ezekiel Callaway
436,Merv Mustoo
437,Maureen Dutteridge
438,Dar Hoggins
439,Gerty Marjoribanks
440,Pepi Govinlock
441,Perry Frazier
442,Ragnar Olliar
443,Heda Parlot
444,Allina Gilbride
445,Olag Frid
446,Rosco Kepe
447,Roseanne Glencorse
448,Emmalee Belfelt
449,Tracie Dumphries
450,Dollie Cushe
451,Imelda Roantree
452,Alyse Shingles
453,Dom Hallt
454,Daveen Deplacido
455,Georgina Balding
456,Andrew Bezant
457,Waylen Jacobsson
458,Arlina De Luna
459,Osborne Morde
460,Denyse Elfleet
461,Theda Durston
462,Pearle Dowbiggin
463,Guthry Giraudeau
464,Clara Ballsdon
465,Madge Yushmanov
466,Devi Molohan
467,Josh Garritley
468,Jerad Hawker
469,Scot Dumberell
470,Elita Skeermor
471,Bobbye Cotte
472,Bird Donaldson
473,Julius Kee
474,Selma Oade
475,Burnard Truin
476,Andreas MacLachlan
477,Ulrika Matuszkiewicz
478,Olly Costen
479,Claus Ludewig
480,Bent Barthrup
481,Hortensia Rainford
482,Cort Spatari
483,Latrina Grishenkov
484,Rebeka Garforth
485,Krissy Carmen
486,Betteanne Road
487,Pierette Reck
488,Marice Berzons
489,Olia Lante
490,Richmound Mirfin
491,Lowe Ketts
492,Kathleen Bryan
493,Booth Dorricott
494,Wanda Lambird
495,Aime Pembry
496,Burl McGray
497,Meghann Morriss
498,Beverlie Dowson
499,Sig Giacopazzi
500,Bambi Lloyd-Williams
501,Kariotta Jobbins
502,Joana Egar
503,Morissa Lethlay
504,Basile Ege
505,Cliff Leebetter
506,Vergil Gribbins
507,Tami Fattori
508,Garik Sidebotton
509,Tobias Haslock
510,Valentijn Snook
511,Angie Milborn
512,Obediah Clouston
513,Muhammad Sieghart
514,Susy Ife
515,Ikey Rhodes
516,Ingaborg Hanratty
517,Arleen Heighton
518,Abraham Robard
519,Felipe Pumfrett
520,Joell Pitceathly
521,Riva Discombe
522,Efrem Ellsom
523,Mareah Gillani
524,Mack Slyford
525,Zacherie Westwick
526,Esme Dukes
527,Wendie Sharpe
528,Harmonia Yewman
529,Dania Pavey
530,Farrand O' Neligan
531,Aubrey Belfitt
532,Wash Maestro
533,Teresa Blundel
534,Karie Fulks
535,Zita Boliver
536,Augusta Ganders
537,Marshall Silman
538,Angus Tilmouth
539,Yvonne Edginton
540,Evangeline Frank
541,Cinderella Huckleby
542,Theodoric Adamovitch
543,Christin Levicount
544,Mirabelle Healeas
545,Rachael Roxburgh
546,Wilmar De Roeck
547,Wait Kipling
548,Adrianna Morehall
549,Elset Grayshan
550,Aubry Perrinchief
551,Dagmar Romushkin
552,Wilmar Skrzynski
553,Edwin Hay
554,Basile Moses
555,Deloris Gumley
556,Ida Carabet
557,Cara Mattheissen
558,Dickie Sagrott
559,Guy Batie
560,Dukey Grinnov
561,Berthe Scholcroft
562,Arvie Greenstreet
563,Derron Kubek
564,Bride Djorvic
565,Bryna McAuliffe
566,Roxie Poulston
567,Mollie Warham
568,Aloisia Seally
569,Cele Cumesky
570,Ermentrude Harold
571,Noni Tarren
572,Rene Whitley
573,Catlee Cordeau]
574,Tim Franzettoini
575,Allyn Maunton
576,Rhett Abramof
577,Natty Jardein
578,Constanta Bordman
579,Ambrosius Lauks
580,Deny Filip
581,Bobbe Stoppe
582,Vaughan Butland
583,Derwin Boulder
584,Brod Vaen
585,Nikola D'Oyly
586,Elspeth Swarbrigg
587,Bail Galland
588,Philippe Swindlehurst
589,Mickie Ive
590,Fae Chismon
591,Josepha Crighten
592,Genvieve Bonehill
593,Audry Stanbro
594,Jackqueline Dudden
595,Lionello Reubens
596,Valentina Garlee
597,Rozanne Mount
598,Constantine Hebdon
599,Marlin Clarke
600,Arvie Waggitt
601,Julius Gobbet
602,Pren Pryor
603,Fedora Ruter
604,Lawton Boyes
605,Gaile Piggen
606,Carling Phibb
607,Galvin Rosendale
608,Susy Jemmett
609,Trstram Mapam
610,Linzy Allberry
611,Sayres Farrand
612,Jerri MacIlory
613,Amity Oxberry
614,Myrlene Winterbottom
615,Melosa Haddy
616,Bartolemo Currier
617,Haskel McDugal
618,Nicolle Deedes
619,Leigh Baack
620,Meredeth Gallo
621,Harriette MacIver
622,Elisabeth Berrisford
623,Eli Lightoller
624,Chastity Caulcott
625,Rosette Liggins
626,Raleigh Latchford
627,Korrie Maccree
628,Asher Willerson
629,Franciska Nias
630,Jo Crummie
631,Paula Spofforth
632,Elroy Kunzler
633,Klemens Birtles
634,Abbe Trahar
635,Debee Persse
636,Yank Prickett
637,Roda Tuckey
638,Kaiser Dubbin
639,Gillan Polsin
640,Jeffry Gossan
641,Kaleb Chastang
642,Denney Eckford
643,Corabella Hoble
644,Roderic Armsden
645,Ignace Wickwar
646,Sigismond Lodwig
647,Devondra Cholerton
648,Idaline Doni
649,Sherwood Tomney
650,Asher Blewett
651,Henry Haighton
652,Sauveur Le Hucquet
653,Brandon Clute
654,Meryl Diggle
655,Elisha Scinelli
656,Baryram Cancott
657,Jessalyn Hankinson
658,Gaelan Cumberlidge
659,Inesita Lancetter
660,Odey Loveday
661,Dee Lyptrit
662,Gardiner Cousen
663,Niles Rentcome
664,Otis Corgenvin
665,Rodi Caulcott
666,Hertha Belf
667,Windham Goney
668,Annabell Grunnell
669,Codie Yanson
670,Sarene Lightning
671,Gerladina Affuso
672,Christie Archdeacon
673,Tracey Joscelyn
674,Ethel Domone
675,Cahra Duffan
676,Thorstein Van Velden
677,Rog Twentyman
678,Turner Keunemann
679,Ketty Hows
680,Welbie Schole
681,Jillana Penhall
682,Delphinia Fardoe
683,Crystal Spottiswood
684,Krystalle Pettitt
685,Charley Filpi
686,Liz Dawtry
687,Morganne Bonfield
688,Conrade Guidotti
689,Joyann Keyson
690,Stanislaw Johnikin
691,Brewer Laurentin
692,Twila Brandenburg
693,Franz Ganiclef
694,Colly Takkos
695,Sacha Aristide
696,Bobby Watmore
697,Wald Ganniclifft
698,Catherin Lorain
699,Deni Barsby
700,Iggy Stranks
701,Steven Sabathe
702,Leila Pybworth
703,Florinda Gorey
704,Northrup Waind
705,Tobias Vicary
706,Terra Hrinishin
707,Vally Juckes
708,D'arcy Teape
709,Rex Bernlin
710,Cindi Corsan
711,Nicol Hugnin
712,Javier Mounch
713,Kali Acors
714,Rebe Grindley
715,Ron Shoosmith
716,Cahra Shelborne
717,Cassy Beaglehole
718,Jeff Spalls
719,Morten MacGillavery
720,Lefty Grandham
721,Lana Strutt
722,Nikolaos Derell
723,Aeriel Cutbirth
724,Philippe McClune
725,Beatrix Gallehawk
726,Rab Fountaine
727,Codee Ongin
728,Alfi Brayfield
729,Nissa Muzzillo
730,Brittany Roller
731,Oralia Gentle
732,Lelia Peirpoint
733,Jephthah Kewish
734,Britta Sedgebeer
735,Wilhelm Cadney
736,Linus Brecknell
737,Titus McGaugey
738,Igor Duxbury
739,Celine Tatersale
740,Waverley Bartlam
741,Barbara Nannizzi
742,Clyve Grebert
743,Timothea Eburah
744,Augustine Luparti
745,Merrile Cristol
746,Lisbeth Trusler
747,Fonsie Bouldon
748,Lynett Lotte
749,Jeffry Rosenbloom
750,Cristi Maric
751,Jackie Faichnie
752,Bethina Phette
753,Latashia Searles
754,Leupold von Hagt
755,Agata Paaso
756,Sibby Cundict
757,Gradey Merrall
758,Sherilyn Cato
759,Rees Saveall
760,Collen Broadbear
761,Michelle Tenwick
762,Joseito Marzelle
763,Anders Denial
764,Tuck Preedy
765,Karyn Sangster
766,Pamella MacSwayde
767,Charmian Camplejohn
768,Felicia Vinick
769,Bernadine Brooksbie
770,Konstantine Blair
771,Son Noweak
772,Lloyd Leven
773,Kirsti Sedgmond
774,Cesya Simonds
775,Randi MacUchadair
776,Kitti Amesbury
777,Ruby Durrand
778,Bobbe Haig
779,Aeriel Common
780,William Slinger
781,Marti Stanion
782,Nonie Cuppitt
783,Gerardo Bedell
784,Halette Kenn
785,Mortimer Sponder
786,Melli Pearch
787,Christophe Linbohm
788,Ezekiel Plows
789,Sallie Hairsine
790,Brenn Shefton
791,Ferrel Kivlin
792,Gram Dykas
793,Dewie Trewman
794,Devin Arsnell
795,Isahella Assante
796,Rosalinda Matussow
797,Leanna Ionesco
798,Jay Sturror
799,Barry Ferres
800,Tonia Hiscoke
801,Di Berthe
802,Annabela Thiem
803,Karole Davidsen
804,Esme L'oiseau
805,Shelly Steer
806,Giacinta Rotte
807,Ariana Adlem
808,Rici Sarsfield
809,Hobard Adshed
810,Adrienne Hamor
811,Ibby Brangan
812,Hanna Sukbhans
813,Vivyan Ponting
814,Benny Emburey
815,Solly Willard
816,Barry Domegan
817,Elena Rodie
818,Katey Cron
819,Sherri Birchner
820,Jacquie Oakwell
821,Cesya Slight
822,Noel Farman
823,Bonni Milby
824,Vittoria Aguirrezabala
825,Esther Buard
826,Dotti Endrici
827,Othilia Cropper
828,Whitman Abramino
829,Venita McTeague
830,Diane-marie Rainton
831,Anthony Hallede
832,Neil Dack
833,Fedora Bertlin
834,Vivian Buss
835,Adlai Szymaniak
836,Kasper Costell
837,Rossy Kincey
838,Clerc Friman
839,Ronny McCane
840,Jayme Rubrow
841,Juliane Alexsandrev
842,Ricoriki Lints
843,Devi Lace
844,Luca Veracruysse
845,Paddie Neesam
846,Judd Patterson
847,Kore Scrooby
848,Artemis Felmingham
849,Garwood Leveritt
850,Vidovic Sirey
851,Curt Ajam
852,Saw Caven
853,Gabrielle Walkley
854,Elberta Brucker
855,Luz Mathivet
856,Christy Catterall
857,Konstance Reyson
858,Miner Rowatt
859,Antoinette Barry
860,Sharia Reaper
861,Aubert Golbourn
862,Karna Elleyne
863,Laney Isted
864,Odilia Etuck
865,Emmalynne Lauchlan
866,Niven Sarjeant
867,Liza Cliss
868,Blair Feetham
869,Gerrie Lipprose
870,Kikelia Tieman
871,Ignacius Hannah
872,Reamonn Tilley
873,Mathian Carrivick
874,Breanne Woolston
875,Barrett Stonebanks
876,Farrand Skacel
877,Marcellina Weatherall
878,Trescha Aubry
879,Ranna Nosworthy
880,Dale Crown
881,Helenka de Merida
882,Jacky Shefton
883,Georgeta Bulpitt
884,Carney Tamas
885,Dayle Leaf
886,Dud Chart
887,Cash Odom
888,Nana Rodger
889,Chauncey Dunstan
890,Augustin Bewlay
891,Angie Dumberell
892,Ardelle Benian
893,Morse Grangier
894,Joye Preon
895,Tonia Lundon
896,Dolph Polding
897,Krystyna Benstead
898,Ira Ferreli
899,Scarlett Meharg
900,Annissa Jolly
901,Batholomew Gosenell
902,Audi Kleinmann
903,Joey Hazley
904,Erina Sheaf
905,Cos Swaysland
906,Olympia Realff
907,Brod Walicki
908,Arlee Terren
909,Guillaume Ranson
910,Sheffie Pideon
911,Tabbie Cornelleau
912,Celesta McPike
913,Izaak Askin
914,Tremayne Benninck
915,Trudy Lagadu
916,Lenore Radden
917,Silvia Sidden
918,Martha Dewett
919,Elita Chinnock
920,Jessamyn Jeannin
921,Audry Galiford
922,Osbourn Lattey
923,Gran Puckring
924,Tod Jore
925,Elizabet Bisco
926,Datha Pawling
927,Gabby Rallin
928,Bari Scinelli
929,Prudi Grzesiewicz
930,Mel Malkin
931,Sylvan Matcham
932,Muire Micheau
933,Kendre Heaseman
934,Merrill Cleobury
935,Jenda Bomfield
936,Cristi Goom
937,Wesley Dominichelli
938,Levey Kauble
939,Ailene Bemrose
940,Guillermo McReath
941,Cedric Boaler
942,Kelli Vignaux
943,Hercules Gipp
944,Lilas Strickland
945,Carolan Lamond
946,Ugo Dehmel
947,Rab McKeran
948,Wally Brettoner
949,Ethyl Borghese
950,Mikel Maffucci
951,Killy Popham
952,Branden Fery
953,Kimberley Bittany
954,Sisile Bartoszewski
955,Collie Ramsby
956,Pyotr Bonhill
957,Tait Petrasek
958,Kesley O'Doherty
959,Clio Simunek
960,Elva Broad
961,Mathias Ramel
962,Rhody Kneesha
963,Quintus Shorton
964,Barnebas Habershon
965,Tybie Canas
966,Alaine Durn
967,Meggi Ponton
968,Weider Woodyatt
969,Jeremy Dominik
970,Fax Andri
971,Julieta Sirette
972,Hubert Bidewell
973,Jessie Dugue
974,Tiffani Twopenny
975,Ava De Ambrosi
976,Berny Berthomieu
977,Carlyle Oxlee
978,Mehetabel Vevers
979,Jackqueline Poplee
980,Debera Abad
981,Gene Scathard
982,Harrie Spelwood
983,Paolina Le Prevost
984,Niki Czapla
985,Cody Colls
986,Murielle Sancraft
987,Alida Sconce
988,Arvin Bevar
989,Aeriell Kinze
990,Westbrook Aggio
991,Carlee Foulis
992,Timotheus Tarpey
993,Betta Chessel
994,Herculie Ivakhin
995,Troy Hedin
996,Perren Pedrick
997,Reinald Cerro
998,Kellyann Wallwork
999,Joanne Beasleigh
